{
  "0x56eddb7aa87536c09ccc2793473599fd21a8b17f": 30362.639454855278,
  "0xda26e952b46ad873292a2a267a5fdfe262958890": 0.000662594105216652,
  "0x39b4c68f9549350b8d51aa1876c5a126dc68b5ce": 0.262487310415535,
  "0x4976a4a02f38326660d17bf34b431dc6e2eb2327": 29305.177513221144,
  "0xdfd5293d8e347dfe59e90efd55b2956a1343963d": 0,
  "0x3fc91a3afd70395cd496c647d5a6cc9d4b2b7fad": 0,
  "0x8be8c50e7d7acff6084899e71a6db085ff7134c8": 0,
  "0x881d40237659c251811cec9c364ef91dc08d300c": 0
}